debut,fin,distance,denivele,vitesse_moy,vitesse_max
2024-09-20 04:12:41,2024-09-20 06:23:41,31,79,43,49.00
2024-04-15 07:32:17,2024-04-15 10:22:17,54,42,49,55.00
2020-08-26 15:40:47,2020-08-26 18:25:47,68,-7,8,11.00
2021-09-29 19:56:11,2021-09-29 22:29:11,20,66,44,53.00
2020-05-31 21:47:35,2020-06-01 00:44:35,62,68,44,53.00
2025-03-11 04:23:50,2025-03-11 05:08:50,40,94,30,39.00
2024-01-13 06:45:58,2024-01-13 07:49:58,84,-69,28,42.00
2023-12-12 14:16:25,2023-12-12 15:12:25,50,-7,40,48.00
2024-09-06 16:19:45,2024-09-06 16:36:45,47,-6,28,42.00
2024-06-14 09:46:20,2024-06-14 10:08:20,86,-80,39,42.00
2024-06-15 08:04:10,2024-06-15 10:10:10,49,17,37,50.00
2021-07-31 21:15:28,2021-08-01 00:02:28,64,30,14,28.00
2023-07-22 22:48:48,2023-07-23 01:38:48,28,8,3,11.00
2025-03-02 21:47:47,2025-03-03 00:08:47,98,-74,25,35.00
2024-12-29 10:42:31,2024-12-29 13:30:31,40,46,22,32.00
2022-04-25 07:29:37,2022-04-25 08:53:37,29,41,14,16.00
2021-04-01 12:28:08,2021-04-01 13:46:08,85,26,26,32.00
2020-06-10 06:56:26,2020-06-10 09:07:26,36,83,25,32.00
2021-06-30 08:02:28,2021-06-30 09:24:28,69,14,13,17.00
2021-01-26 22:25:05,2021-01-27 00:10:05,1,-8,28,38.00
2023-12-20 15:15:52,2023-12-20 17:11:52,43,-6,50,62.00
2026-03-22 10:02:03,2026-03-22 11:20:03,35,11,20,34.00
2020-12-09 14:06:56,2020-12-09 15:27:56,67,99,46,49.00
2025-04-17 04:44:41,2025-04-17 06:14:41,76,-17,50,54.00
2025-12-27 21:13:38,2025-12-27 23:09:38,91,95,19,25.00
2020-10-11 01:30:30,2020-10-11 04:23:30,13,-23,28,39.00
2023-07-05 16:16:58,2023-07-05 17:13:58,16,90,43,57.00
2022-06-20 04:37:03,2022-06-20 06:06:03,28,-81,28,41.00
2023-04-22 22:08:54,2023-04-23 00:16:54,24,-71,36,42.00
2023-08-31 14:27:50,2023-08-31 14:58:50,25,-7,32,35.00
2025-04-28 08:36:44,2025-04-28 09:47:44,74,75,22,30.00
2022-02-06 09:52:17,2022-02-06 11:29:17,17,-73,13,17.00
2022-09-13 19:25:43,2022-09-13 20:21:43,30,-79,11,19.00
2023-03-28 01:52:03,2023-03-28 02:38:03,85,-42,1,5.00
2023-10-08 13:36:49,2023-10-08 14:31:49,19,-88,21,34.00
2024-04-25 19:24:12,2024-04-25 20:48:12,56,18,12,22.00
2023-01-24 10:17:24,2023-01-24 10:46:24,63,67,36,48.00
2022-06-11 09:07:02,2022-06-11 10:08:02,26,-83,36,40.00
2024-12-09 02:07:27,2024-12-09 04:26:27,65,-4,25,36.00
2025-08-04 17:11:17,2025-08-04 20:09:17,92,-1,44,51.00
2020-09-12 16:23:38,2020-09-12 18:25:38,68,-30,5,18.00
2023-10-11 06:27:50,2023-10-11 09:27:50,87,17,29,43.00
2024-07-20 09:28:13,2024-07-20 12:00:13,44,78,9,13.00
2022-08-02 19:16:26,2022-08-02 21:25:26,84,-93,25,39.00
2021-11-14 22:28:13,2021-11-15 00:29:13,39,37,2,13.00
2026-03-24 08:20:41,2026-03-24 10:30:41,84,-94,30,41.00
2021-04-04 17:46:12,2021-04-04 18:57:12,52,15,25,27.00
2023-01-02 02:23:08,2023-01-02 02:45:08,96,-72,11,22.00
2020-06-20 13:37:22,2020-06-20 16:36:22,38,15,12,26.00
2022-07-22 07:05:10,2022-07-22 08:27:10,57,51,28,37.00
