nom,prenom,mdp,email,abonnements,abonnes,visibilite,photo_profil
Noah,Yannick,gQ9|Qa>tMtN@Yj_,dbroadey0@wunderground.com,167,652,buddies,
Madge,Oona,fT0}1co@<h,omadge1@china.com.cn,948,23,prive,http://dummyimage.com/214x179.png/cc0000/ffffff
Shropsheir,Aprilette,wW4$rq6.Z,ashropsheir2@jiathis.com,856,852,prive,http://dummyimage.com/156x202.png/cc0000/ffffff
Went,Allard,gD9|g4dQHE\,awent3@list-manage.com,353,448,publique,http://dummyimage.com/225x187.png/5fa2dd/ffffff
Kempe,Ariadne,"sE0~2y#0`|<""",akempe4@china.com.cn,784,233,prive,http://dummyimage.com/144x146.png/cc0000/ffffff
Naisey,Bill,nN2%>&DOU=wex,bnaisey5@npr.org,810,311,buddies,http://dummyimage.com/129x178.png/ff4444/ffffff
Ripon,Myrtia,cV6+ty(D1g<1*},mripon6@yahoo.co.jp,994,784,prive,http://dummyimage.com/245x198.png/dddddd/000000
Herity,Jacquie,eJ7!||Appbsp#n7,jherity7@rakuten.co.jp,31,37,publique,http://dummyimage.com/140x208.png/cc0000/ffffff
Le Fleming,Susette,"xC0)y}>t>""a""y9i",slefleming8@imdb.com,42,644,publique,http://dummyimage.com/131x189.png/cc0000/ffffff
Teresi,Adolphus,kJ5\IR|XCmc$,ateresi9@bandcamp.com,185,718,prive,http://dummyimage.com/159x123.png/dddddd/000000
Maddams,Gardner,sH4/u{>z{T8xlN4,gmaddamsa@jugem.jp,28,498,publique,http://dummyimage.com/119x219.png/ff4444/ffffff
Nouch,Mela,yF7*|lo%Tt,mnouchb@wikispaces.com,437,209,buddies,http://dummyimage.com/114x134.png/dddddd/000000
Beadnall,Jan,gK6?wJFh,jbeadnallc@pinterest.com,825,516,publique,http://dummyimage.com/223x137.png/ff4444/ffffff
Clementucci,Courtnay,"tK4""gPN3s",cclementuccid@unblog.fr,884,574,publique,http://dummyimage.com/117x207.png/dddddd/000000
Sheering,Del,mT8>)JV!@W82,dsheeringe@clickbank.net,535,795,prive,http://dummyimage.com/195x182.png/5fa2dd/ffffff
Battill,Lola,aK2'Hqp&~vOZE,lbattillf@va.gov,862,400,buddies,http://dummyimage.com/138x186.png/ff4444/ffffff
Brimilcome,Gunther,tK4|Hk<|0KrA,gbrimilcomeg@delicious.com,869,272,publique,http://dummyimage.com/198x120.png/ff4444/ffffff
Sobczak,Denise,oS5&C{QkBcDT<ES0,dsobczakh@feedburner.com,649,892,buddies,http://dummyimage.com/122x232.png/cc0000/ffffff
Willcock,Marika,eK2$jwav4gRf4.1,mwillcocki@ft.com,695,240,prive,http://dummyimage.com/225x107.png/5fa2dd/ffffff
Fallen,Annice,yF8|!uVE9u,afallenj@woothemes.com,750,914,publique,http://dummyimage.com/203x118.png/cc0000/ffffff
Goudard,Bernetta,yN0_=1v@ZrN<kb,bgoudardk@adobe.com,104,779,publique,http://dummyimage.com/189x233.png/cc0000/ffffff
Abbotts,Reggie,uF6_q\rtY\BsbrF2,rabbottsl@who.int,911,253,buddies,http://dummyimage.com/236x136.png/5fa2dd/ffffff
Thomke,Steffen,nD7'H0pA/4\2,sthomkem@woothemes.com,12,50,buddies,http://dummyimage.com/221x130.png/5fa2dd/ffffff
Powderham,Yoshi,tK7!O/P}cf|ICL,ypowderhamn@fotki.com,200,472,buddies,http://dummyimage.com/111x227.png/5fa2dd/ffffff
Menguy,Krystalle,yV6=f1Mc9,kmenguyo@ow.ly,371,79,prive,http://dummyimage.com/106x176.png/ff4444/ffffff
Reynoldson,Amanda,"hY6&FgCY6""d{ML>&",areynoldsonp@ning.com,996,148,prive,http://dummyimage.com/181x123.png/dddddd/000000
Rother,Rikki,lJ1(~UMC4i6X.c,rrotherq@earthlink.net,634,849,publique,http://dummyimage.com/213x107.png/cc0000/ffffff
Eagland,Bowie,cG5/1wc.ZR?\@,beaglandr@hatena.ne.jp,347,869,prive,http://dummyimage.com/208x212.png/cc0000/ffffff
Whether,Fredericka,oJ0<(s*Ok@!,fwhethers@over-blog.com,348,590,publique,http://dummyimage.com/182x150.png/dddddd/000000
Palay,Ranice,gA0%Ud(sl`K\7,rpalayt@canalblog.com,834,78,buddies,http://dummyimage.com/122x243.png/dddddd/000000
Lidster,Hasty,"tZ8#9""K{>HE%5vth",hlidsteru@istockphoto.com,34,40,buddies,http://dummyimage.com/102x209.png/cc0000/ffffff
Beynke,Alvinia,zC1+V7Txt+Xr,abeynkev@seattletimes.com,281,679,prive,http://dummyimage.com/240x173.png/5fa2dd/ffffff
Corringham,Rhianon,"sT8""RI)B&\*",rcorringhamw@umn.edu,558,766,publique,http://dummyimage.com/241x246.png/ff4444/ffffff
Duffell,Tristam,"mN4&""1gr&GY8",tduffellx@smugmug.com,178,857,buddies,http://dummyimage.com/244x136.png/cc0000/ffffff
Colum,Lemar,pY3_qs37b<&M&t,lcolumy@huffingtonpost.com,874,195,publique,http://dummyimage.com/219x218.png/dddddd/000000
Kippin,Elsinore,yY0\4EL(qJz_Z,ekippinz@fotki.com,633,860,prive,http://dummyimage.com/237x225.png/5fa2dd/ffffff
Rebanks,Marabel,xJ5~EUA5zq,mrebanks10@ameblo.jp,365,176,prive,http://dummyimage.com/225x204.png/dddddd/000000
Brammer,Antonietta,tF7?dYw8nv45Rjjw,abrammer11@dailymail.co.uk,773,266,buddies,http://dummyimage.com/226x158.png/5fa2dd/ffffff
Noddings,Sibelle,vJ9`7BKW=eP,snoddings12@phpbb.com,390,887,buddies,http://dummyimage.com/180x167.png/cc0000/ffffff
Tritten,Clare,"fR9`5FP}9IiV7,",ctritten13@amazon.com,337,594,prive,http://dummyimage.com/211x141.png/cc0000/ffffff
Wilds,Felipa,mY1)1_=Cm,fwilds14@springer.com,723,794,publique,http://dummyimage.com/179x220.png/5fa2dd/ffffff
Wattingham,Roy,zV0&_?6qotJAe},rwattingham15@cdc.gov,422,92,publique,http://dummyimage.com/133x213.png/dddddd/000000
Batistelli,Lukas,"lE2%eMi}d""r+",lbatistelli16@intel.com,346,643,buddies,
Giraudot,Hyacinth,"eV8$>r~?tBH,N",hgiraudot17@qq.com,351,101,prive,http://dummyimage.com/224x105.png/5fa2dd/ffffff
Kermon,Court,kG1_*Dyf{vb,ckermon18@technorati.com,379,614,prive,http://dummyimage.com/140x123.png/dddddd/000000
Schultz,Valentine,xL3\e*vkyJ,vschultz19@trellian.com,728,255,buddies,http://dummyimage.com/184x200.png/cc0000/ffffff
Simmon,Monah,"cK1|0""""TcxM4L`'k",msimmon1a@reuters.com,322,276,prive,http://dummyimage.com/209x162.png/5fa2dd/ffffff
Matusovsky,Demetra,wX7#cd'@U,dmatusovsky1b@github.io,119,986,buddies,http://dummyimage.com/226x178.png/dddddd/000000
Weich,Korrie,kC2_d|L>Ifh,kweich1c@behance.net,864,237,publique,http://dummyimage.com/129x218.png/cc0000/ffffff
Kimber,Jacob,"xL1+.2Luq,sl5q",jkimber1d@nydailynews.com,543,580,prive,http://dummyimage.com/159x203.png/ff4444/ffffff
